{
    "name": "root",
    "gauges": {
        "MyBehavior.Policy.Entropy.mean": {
            "value": -0.35432708263397217,
            "min": -0.3572469651699066,
            "max": 3.6149933338165283,
            "count": 444
        },
        "MyBehavior.Policy.Entropy.sum": {
            "value": -3599.963134765625,
            "min": -3599.963134765625,
            "max": 42670.83984375,
            "count": 444
        },
        "MyBehavior.Environment.EpisodeLength.mean": {
            "value": 63.30769230769231,
            "min": 53.92265193370166,
            "max": 574.2352941176471,
            "count": 444
        },
        "MyBehavior.Environment.EpisodeLength.sum": {
            "value": 9876.0,
            "min": 9382.0,
            "max": 10518.0,
            "count": 444
        },
        "MyBehavior.Step.mean": {
            "value": 4439986.0,
            "min": 9833.0,
            "max": 4439986.0,
            "count": 444
        },
        "MyBehavior.Step.sum": {
            "value": 4439986.0,
            "min": 9833.0,
            "max": 4439986.0,
            "count": 444
        },
        "MyBehavior.Policy.ExtrinsicValueEstimate.mean": {
            "value": 207.014892578125,
            "min": -64.64181518554688,
            "max": 207.5085906982422,
            "count": 444
        },
        "MyBehavior.Policy.ExtrinsicValueEstimate.sum": {
            "value": 32294.32421875,
            "min": -6615.462890625,
            "max": 32334.044921875,
            "count": 444
        },
        "MyBehavior.Environment.CumulativeReward.mean": {
            "value": 325.45996485001,
            "min": -192.77777777777777,
            "max": 330.98229488249746,
            "count": 444
        },
        "MyBehavior.Environment.CumulativeReward.sum": {
            "value": 50771.75451660156,
            "min": -17350.0,
            "max": 51302.25570678711,
            "count": 444
        },
        "MyBehavior.Policy.ExtrinsicReward.mean": {
            "value": 325.45996485001,
            "min": -192.77777777777777,
            "max": 330.98229488249746,
            "count": 444
        },
        "MyBehavior.Policy.ExtrinsicReward.sum": {
            "value": 50771.75451660156,
            "min": -17350.0,
            "max": 51302.25570678711,
            "count": 444
        },
        "MyBehavior.IsTraining.mean": {
            "value": 1.0,
            "min": 1.0,
            "max": 1.0,
            "count": 444
        },
        "MyBehavior.IsTraining.sum": {
            "value": 1.0,
            "min": 1.0,
            "max": 1.0,
            "count": 444
        },
        "MyBehavior.Losses.PolicyLoss.mean": {
            "value": 0.0986766336999292,
            "min": 0.0840327230642372,
            "max": 0.2031724690882997,
            "count": 368
        },
        "MyBehavior.Losses.PolicyLoss.sum": {
            "value": 0.0986766336999292,
            "min": 0.0840327230642372,
            "max": 0.2031724690882997,
            "count": 368
        },
        "MyBehavior.Losses.ValueLoss.mean": {
            "value": 612.5264789094316,
            "min": 95.87050965253044,
            "max": 9593.197232726618,
            "count": 368
        },
        "MyBehavior.Losses.ValueLoss.sum": {
            "value": 612.5264789094316,
            "min": 95.87050965253044,
            "max": 9593.197232726618,
            "count": 368
        },
        "MyBehavior.Policy.LearningRate.mean": {
            "value": 8.286850662939901e-06,
            "min": 8.286850662939901e-06,
            "max": 0.00498644262391541,
            "count": 368
        },
        "MyBehavior.Policy.LearningRate.sum": {
            "value": 8.286850662939901e-06,
            "min": 8.286850662939901e-06,
            "max": 0.00498644262391541,
            "count": 368
        },
        "MyBehavior.Policy.Epsilon.mean": {
            "value": 0.10016573501657347,
            "min": 0.10016573501657347,
            "max": 0.19972885247288527,
            "count": 368
        },
        "MyBehavior.Policy.Epsilon.sum": {
            "value": 0.10016573501657347,
            "min": 0.10016573501657347,
            "max": 0.19972885247288527,
            "count": 368
        },
        "MyBehavior.Policy.Beta.mean": {
            "value": 1.1640776664077634e-05,
            "min": 1.1640776664077634e-05,
            "max": 0.0009973156394815635,
            "count": 368
        },
        "MyBehavior.Policy.Beta.sum": {
            "value": 1.1640776664077634e-05,
            "min": 1.1640776664077634e-05,
            "max": 0.0009973156394815635,
            "count": 368
        }
    },
    "metadata": {
        "timer_format_version": "0.1.0",
        "start_time_seconds": "1659457988",
        "python_version": "3.8.3 (default, Jul  2 2020, 17:30:36) [MSC v.1916 64 bit (AMD64)]",
        "command_line_arguments": "C:\\Users\\Loudini\\anaconda3\\Scripts\\mlagents-learn F:\\Unity\\2020.3.19f1\\Evolving_Artificial_Life\\Assets\\MaxTest\\maxAgent1\\behaviour.yaml --run-id=maxAgent1 --force",
        "mlagents_version": "0.27.0",
        "mlagents_envs_version": "0.27.0",
        "communication_protocol_version": "1.5.0",
        "pytorch_version": "1.7.1+cu110",
        "numpy_version": "1.19.1",
        "end_time_seconds": "1659466305"
    },
    "total": 8317.0112435,
    "count": 1,
    "self": 0.013951599998108577,
    "children": {
        "run_training.setup": {
            "total": 0.2476115000000001,
            "count": 1,
            "self": 0.2476115000000001
        },
        "TrainerController.start_learning": {
            "total": 8316.7496804,
            "count": 1,
            "self": 6.861536799910027,
            "children": {
                "TrainerController._reset_env": {
                    "total": 3.1974367999999997,
                    "count": 1,
                    "self": 3.1974367999999997
                },
                "TrainerController.advance": {
                    "total": 8306.56932910009,
                    "count": 322500,
                    "self": 6.539243900200745,
                    "children": {
                        "env_step": {
                            "total": 4180.524078699919,
                            "count": 322500,
                            "self": 2515.3910551996623,
                            "children": {
                                "SubprocessEnvManager._take_step": {
                                    "total": 1659.9183185000525,
                                    "count": 322500,
                                    "self": 21.00150210009906,
                                    "children": {
                                        "TorchPolicy.evaluate": {
                                            "total": 1638.9168163999534,
                                            "count": 277811,
                                            "self": 603.9887271997236,
                                            "children": {
                                                "TorchPolicy.sample_actions": {
                                                    "total": 1034.9280892002298,
                                                    "count": 277811,
                                                    "self": 1034.9280892002298
                                                }
                                            }
                                        }
                                    }
                                },
                                "workers": {
                                    "total": 5.214705000204502,
                                    "count": 322500,
                                    "self": 0.0,
                                    "children": {
                                        "worker_root": {
                                            "total": 8304.690665899861,